,name,enrollment_months,first_month,last_month,bool
count,1000,960.0,960.0,960.0,1000
unique,1000,,,,2
top,student999,,,,pos
freq,1,,,,643
mean,,1.24375,6.170833333333333,7.259375,
std,,0.42956740370682744,3.784054042724823,3.6173051262554266,
min,,1.0,1.0,1.0,
25%,,1.0,3.0,4.0,
50%,,1.0,5.5,7.0,
75%,,1.0,10.0,10.0,
max,,2.0,15.0,15.0,
