school,neg,pos,ratio
occ,76,171,0.6923076923076923
smc,82,144,0.6371681415929203
ucb,30,59,0.6629213483146067
uci,70,160,0.6956521739130435
ucla,91,145,0.614406779661017
ucsd,57,109,0.6566265060240963
